,alpha,below_sixty_savings,sra_at_ret,ret_age,working_hours,cv,sra_at_63,base_below_sixty_savings,base_ret_age,base_sra_at_ret,base_working_hours
0,,2.110321381033972,67.0,66.68944868192159,972.3600579526401,,67.0,2.1464734085059924,66.72375906302287,67.0,975.6862646312064
1,,2.2241379116941578,68.0,67.34215963706599,984.839933568092,,68.0,2.2310360001305907,67.35745569705546,68.0,986.9772622142475
2,,2.334345772979036,69.0,68.009009009009,997.2544182955177,,69.0,2.31056105237156,68.01812090412106,69.0,998.9041548801241
3,,2.4442959915750646,70.0,68.67985841516328,1009.2292436202802,,70.0,2.386669136900746,68.68535053665221,70.0,1010.4783520400122
