,below_sixty_savings,sra_at_ret,ret_age,working_hours,cv,sra_at_63
0,,,,,,67.0
1,,,,,-0.0027685911923744943,
2,,,,,-0.0033722602039819192,
3,,,,,-0.004025821348207689,
4,,,,,-0.004594157148385813,
5,,,,,-0.007447700094230792,
6,,,,,-0.0081130991881741,
7,,,,,-0.008653238032114602,
8,,,,,-0.009287123550892132,
9,,,,,-0.012345247173778934,
10,,,,,-0.012892829251044537,
11,,,,,-0.013402759156820005,
12,,,,,-0.013979110251961874,
