education,constant,period,period_sq
Low Education,2125.204107491365,143.0859528965992,-3.4502684068038216
High Education,3452.9334331882974,243.1944861708606,-5.942589623042654
