education,constant,period,period_sq,period_cub
Low Education,823.5924829241447,19.237037720650918,1.7130346308261906,-0.05047182677840027
High Education,2004.556012260294,-72.61855377561885,7.314982150457576,-0.13760059128501959
