sex,education,public_pension_p
0,0.0,10078.464867214761
0,1.0,10791.337254352382
1,0.0,15594.252250568241
1,1.0,17193.06592841932
