education,constant,period,period_sq
Low Education,723.557223107457,49.94291268251622,-0.6896650974422677
High Education,1756.730159884478,9.873746084469515,0.7990805855850067
