education,constant,period,period_sq
Low Education,731.8281972219764,50.506197991835705,-0.7007248350782118
High Education,1776.0964049783286,9.95190538534666,0.8041584220779524
