sex,education,all_pensions_p
0,0.0,10373.281320062379
0,1.0,14360.752176723492
1,0.0,18495.80017769448
1,1.0,29470.704271200266
