education,constant,period,period_sq,period_cub
Low Education,823.5924829242904,19.237037720616357,1.7130346308282287,-0.050471826778421346
High Education,2004.5560122601496,-72.61855377561476,7.314982150457991,-0.1376005912849604
