education,constant,period,period_sq
Low Education,2118.9400285777747,146.64249749835628,-3.578518425641518
High Education,3471.6825195608226,241.12115789435094,-5.824518100341665
