education,constant,period,period_sq
Low Education,2125.2041074913313,143.08595289659937,-3.450268406803757
High Education,3452.9334331882774,243.19448617085925,-5.942589623042685
