sex,education,all_pensions_p
0,0.0,10373.281320062422
0,1.0,14360.752176723272
1,0.0,18495.80017769435
1,1.0,29470.70427119996
