education,constant,period,period_sq
Low Education,2118.940028577705,146.6424974983675,-3.578518425641709
High Education,3471.6825195609044,241.12115789434637,-5.824518100341684
