education,constant,period,period_sq
Low Education,2125.2041074913595,143.08595289660144,-3.4502684068038065
High Education,3452.9334331883056,243.19448617086297,-5.942589623042818
