education,constant,period,period_sq
Low Education,731.8281972219816,50.506197991834725,-0.7007248350782079
High Education,1776.0964049783208,9.951905385346578,0.8041584220779698
