education,constant,period,period_sq
Low Education,2099.4408009933954,141.64058458000915,-3.4092347950629236
High Education,3413.5006837871915,240.77541484366827,-5.86916447471952
