education,constant,period,period_sq
Low Education,731.8281972219861,50.506197991834284,-0.7007248350781934
High Education,1776.0964049783097,9.951905385346276,0.8041584220779582
