education,sex,choice,annual_hours
0.0,0,2.0,1316.7293902033273
0.0,0,3.0,2048.0985245434244
0.0,1,2.0,1226.7431905582162
0.0,1,3.0,1985.0784607967407
1.0,0,2.0,1388.5466505522916
1.0,0,3.0,2040.8620104144832
1.0,1,2.0,1260.1578816995072
1.0,1,3.0,1988.2084222471524
