education,sex,choice,annual_hours
0.0,0,2.0,1311.9903140807176
0.0,0,3.0,2051.9009155539447
0.0,1,2.0,1226.3969638461538
0.0,1,3.0,1986.0513584224366
1.0,0,2.0,1421.3351459414225
1.0,0,3.0,2044.1382366780324
1.0,1,2.0,1254.5603488099514
1.0,1,3.0,1985.135891051961
