,alpha,below_sixty_savings,sra_at_ret,ret_age,working_hours,cv
0,0.0,3.1910316600911712,67.0,65.72466,1295.1777328145656,
1,0.01,3.1758401201457565,67.34772,66.1486,1306.0080459726018,-0.004701136520184974
2,0.02,3.161911278809832,67.72737,66.2153,1308.9320035976637,-0.005829218388172436
3,0.03,3.145991589153685,68.0848125,66.27295,1311.7379756923824,-0.006817068625904364
4,0.0406784942515635,3.1280950691907674,68.521775,66.72118,1323.2485798111854,-0.012024998004209456
