,savings increase,av ret age diff months,labor supply diff ppp,cv cons increase
all,0.9813910870576175,13.841519999999946,-0.00024903225806452526,0.9965397353856691
no abitur,0.9741112784780795,15.585028261159664,-0.00034743208922975857,0.996617690198773
abitur,0.9731117660417657,10.235694781088114,-4.552729014641447e-05,0.9983317347180263
