,savings increase,av ret age diff months,labor supply diff ppp,cv cons increase
all,0.9640711466084178,16.49652000000009,-0.0003229032258064433,-3.4154003748568105e-05
no abitur,0.9588862472890936,17.133116738617616,-0.0006288233681100484,-0.00012770194923423963
abitur,0.9779162796106715,15.179946614303674,0.00030978351773535177,0.00012657426588891352
