,savings increase,av ret age diff months,labor supply diff ppp,cv cons increase
all,0.9932386368386923,-0.05759999999986576,-0.00012225806451612417,-6.36566049350469e-06
no abitur,0.9907022989443972,-0.08117851261738451,-0.0002096077893700197,-1.299056916896223e-05
abitur,1.0016094311596277,-0.008836253183233111,5.839369823126559e-05,5.015377522808555e-06
