,savings_increase,av_ret_age_diff_months,labor_supply_diff_ppp,cv_cons_increase
all,0.5109361349443754,39.613680000000045,-0.031542666666666656,-0.002587535163380517
no abitur,0.5056616256538211,37.28675063420718,-0.036922475905074165,0.0040206861307477025
abitur,0.5715801416334562,44.426103764612094,-0.02041644933983781,-0.013834034172670548
