,savings increase,av ret age diff months,labor supply diff ppp,cv cons increase
all,0.9557854935430808,29.20451999999989,-0.0005422580645161359,0.9926468315161348
no abitur,0.9470040259724299,32.60937291379224,-0.0007585122058252884,0.9929663211652622
abitur,0.9435662605015812,22.162795692326654,-9.501347508816994e-05,0.9963601362422698
