,savings_increase,av_ret_age_diff_months,labor_supply_diff_ppp,cv_cons_increase
all,1.0069929318111561,0.058320000000094296,0.000122580645161284,5.942759485828495e-06
no abitur,1.0117533636814804,0.08117851261738451,0.0002096077893700197,1.2059853628386761e-05
abitur,1.00185520426934,0.011045316478998757,-5.740397453243034e-05,-4.571635741897614e-06
