,savings inc,av RetAge inc months,av RetAge base,ft ls diff ppp,cv cons inc
all,2.1961732474320446,0.37884000000002516,67.22267,-0.00010451612903225157,0.9122554014351397
Low Education,0.9917716805849435,0.382037473852904,66.87565089679113,-0.00015553089393894486,1.0000995382443931
High Education,0.9929310066074932,0.372227165342224,67.9403552910134,9.897236988352529e-07,0.9966595179367613
