,savings increase,av ret age diff months,labor supply diff ppp,cv cons increase
all,0.9275717756253695,34.324680000000114,-0.0008348387096774055,1.075657316897737e-06
no abitur,0.9269157588554912,35.38154791045446,-0.0014739543179443963,1.2862737251561887e-07
abitur,0.9414559301235152,32.138925536158126,0.000486944059826819,2.19796175831793e-06
