,savings_increase,av_ret_age_diff_months,labor_supply_diff_ppp,cv_cons_increase
all,0.9639874252413855,16.49651999999992,-0.0003235483870967629,-3.1403130715590984e-05
no abitur,0.9589654797029618,17.13347278472571,-0.0006297804813035231,-0.00011696708338199958
abitur,0.977707865577664,15.179210259871866,0.00030978351773535177,0.00011568571507919014
