,savings inc,av RetAge inc months,av RetAge base,ft ls diff ppp,cv cons inc
all,1.787267280499211,29.72676000000007,66.10507,-0.0005387096774193492,0.9223042012076856
Low Education,0.9487306840515932,32.9579420534958,65.60925423175635,-0.0007436769513264742,1.0117076515351846
High Education,0.9438056690851562,23.044211947350618,67.1304881416255,-0.0001148079490648571,1.0035136441016108
