,savings increase,av ret age diff months,labor supply diff ppp,cv cons increase
all,1.004361421128502,0.3399599999999623,-0.00011612903225804815,1.000007226133262
no abitur,0.9903654270367277,0.3661934220481271,-0.00017371604461487392,1.000012360001334
abitur,0.9935916853731035,0.2857055195900102,2.9691710965057584e-06,0.9999953854794839
