,value,lower_bound,upper_bound,soft_lower_bound,soft_upper_bound,std_error,hazard_ratio,hazard_ratio_std_error
intercept,-14.312646421441727,-inf,inf,-15.0,15.0,0.08807790821418024,6.082703364737815e-07,5.3575178865346255e-08
age,0.11751070668819538,1e-08,inf,0.0001,1.0,0.0011507383953027756,1.124693671623727,0.0012942281908914746
Good Health High Education,-0.34442618864946006,-inf,inf,-2.5,2.5,0.09682903895366014,0.7086268549617352,0.06861565734269953
Good Health Low Education,-0.36304303674750377,-inf,inf,-2.5,2.5,0.04142021610983492,0.6955564983655496,0.028810100478901104
Bad Health High Education,0.013479809267545433,-inf,inf,-2.5,2.5,0.09083125337209942,1.0135710715012771,0.0920639308061628
Bad Health Low Education,0.23708159209148286,-inf,inf,-2.5,2.5,0.031756567249587045,1.2675445351658776,0.04025286327284174
