,value,lower_bound,upper_bound,soft_lower_bound,soft_upper_bound,std_error,hazard_ratio,hazard_ratio_std_error
intercept,-13.208623755710807,-inf,inf,-15.0,15.0,0.07573035316618383,1.8347106813809942e-06,1.3894328785875248e-07
age,0.10833804660064622,1e-08,inf,0.0001,1.0,0.0010372285377382555,1.1144244091011102,0.0011559128002717638
Good Health High Education,-0.7891667324319825,-inf,inf,-2.5,2.5,0.07346935461555701,0.4542231270350771,0.03337147999472728
Good Health Low Education,-0.33285786810075807,-inf,inf,-2.5,2.5,0.039612941151654445,0.7168720773049655,0.028397411411545875
Bad Health High Education,0.0019565067778272026,-inf,inf,-2.5,2.5,0.06288569901919902,1.0019584219860487,0.06300885575476627
Bad Health Low Education,0.34204693056443997,-inf,inf,-2.5,2.5,0.03019162921752877,1.4078263660497659,0.042504571646435466
