,value,lower_bound,upper_bound,soft_lower_bound,soft_upper_bound,hazard_ratio
intercept,-14.312206844853444,-inf,inf,-15.0,15.0,6.085377766489558e-07
age,0.11750546459214106,1e-08,inf,0.0001,1.0,1.1246877758869216
Good Health High Education,-0.34424314684561275,-inf,inf,-2.5,2.5,0.7087565751712703
Good Health Low Education,-0.36351958026780695,-inf,inf,-2.5,2.5,0.6952251143889633
Bad Health High Education,0.015049903195997602,-inf,inf,-2.5,2.5,1.015163723265946
Bad Health Low Education,0.2372006926086189,-inf,inf,-2.5,2.5,1.2676955093658828
