sex,education,health,const,age,const_ser,age_ser
Men,Low Education,Good Health,-4.277339701905158,0.026876862814270066,0.08407508162953903,0.0014298697614795396
Men,Low Education,Bad Health,0.3646007326466784,0.026107191960483944,0.10987326512538391,0.0018839035275518034
Men,High Education,Good Health,-5.119571865072202,0.03206267190888566,0.1500417896718135,0.0025642638480595017
Men,High Education,Bad Health,-0.5343263010285231,0.03769649420218859,0.19403879861371606,0.003404832704928922
Women,Low Education,Good Health,-3.909995670333662,0.022913585934960276,0.06782013503818675,0.0011749552482030327
Women,Low Education,Bad Health,0.3186854660899518,0.02386412143338097,0.08638798436037423,0.0014973940692564554
Women,High Education,Good Health,-4.581404170731555,0.02697969942440709,0.1323983904112887,0.0025313827910117565
Women,High Education,Bad Health,-0.7639097321406495,0.042153296920834624,0.1725473968769727,0.00336245191161241
