,const,high_educ,good_health,above_50,above_55,above_60
Men,-3.0055663401871797,-1.2661596963616921,-0.9334370242403852,-0.3440350134520583,0.22386041822550534,0.36768613690948054
Women,-2.7272277699816945,-0.7908677902083813,-0.9515594537619342,-0.40308324782612315,-0.16497130134358234,0.2945209062970103
