,const,high_educ,good_health,above_50,above_55,above_60
Men,-3.0055663401871806,-1.2661596963616912,-0.933437024240388,-0.3440350134520563,0.22386041822550296,0.3676861369094826
Women,-2.7272277699816962,-0.790867790208379,-0.9515594537619358,-0.4030832478261168,-0.16497130134358676,0.2945209062970115
