,const,high_educ,good_health,above_50,above_55,above_60
Men,-3.0055663401872077,-1.2661596963616792,-0.9334370242403699,-0.3440350134520399,0.22386041822549885,0.3676861369094855
Women,-2.727227769981707,-0.7908677902083782,-0.9515594537619217,-0.4030832478261151,-0.16497130134358357,0.2945209062970085
