sex,education,has_partner,const,period,period_sq
0,0,0,0.05293757364108667,0.020627899846557912,-0.0006798520757196686
0,0,1,1.574851562383899,0.07867372338963714,-0.004638928407593472
0,1,0,0.001703805043674303,0.02246798598843007,-0.000685906998119071
0,1,1,0.4713809636098809,0.2120578818574601,-0.007771933813803454
1,0,0,1.4188134558654384,-0.007064844534491603,-0.0015089499827889454
1,0,1,2.3015849196887013,-0.02759611924597359,-0.002126687326083126
1,1,0,0.21699353456818538,0.10500919247814187,-0.0040628600380498
1,1,1,0.9371531946233324,0.17060518759386548,-0.007454254268841968
