sex,education,has_partner,const,period,period_sq
0,0,0,0.05293757364108336,0.020627899846558176,-0.0006798520757196697
0,0,1,1.574851562383917,0.07867372338963606,-0.00463892840759349
0,1,0,0.0017038050436736334,0.022467985988430136,-0.0006859069981190718
0,1,1,0.4713809636098914,0.21205788185746013,-0.007771933813803463
1,0,0,1.4188134558654373,-0.007064844534491457,-0.0015089499827889536
1,0,1,2.301584919688695,-0.02759611924597272,-0.002126687326083116
1,1,0,0.2169935345681727,0.10500919247814222,-0.0040628600380498035
1,1,1,0.9371531946233497,0.17060518759386323,-0.007454254268841899
