covariate,specification,coefficient,std_error,t_stat,ci_lower,ci_upper,n_obs
sex,univariate,-0.030920493685924352,0.07765682967555884,-0.3981683750818384,-0.18312787985001966,0.12128689247817097,583
sex,with_age_control,-0.09638391002900534,0.08145389667552125,-1.1832940345746639,-0.256033547513027,0.0632657274550163,583
education,univariate,0.2886904070967386,0.08574635256281689,3.3667951868302155,0.1206275560736175,0.4567532581198597,564
education,with_age_control,0.27048972013615624,0.08645884859759535,3.128537154075393,0.10103037688486935,0.4399490633874431,564
health,univariate,0.40805841422064604,0.12003681041163564,3.399443994065768,0.17278626581384018,0.6433305626274519,582
health,with_age_control,0.3635632927660287,0.1232500074062568,2.9498034151645203,0.12199327824976539,0.6051333072822921,582
