covariate,specification,coefficient,std_error,t_stat,ci_lower,ci_upper,n_obs
sex,univariate,-0.025132378530968755,0.07755936779809622,-0.3240405284941693,-0.17714873941523734,0.12688398235329984,583
sex,with_age_control,-0.09525363229797104,0.08153490938557462,-1.1682558184681515,-0.25506205469369725,0.0645547900977552,583
education,univariate,0.2910380125131732,0.08570510779244092,3.3958070879276385,0.12305600123998897,0.4590200237863574,564
education,with_age_control,0.2707717611898468,0.08647365129999632,3.1312631896446628,0.10128340464185404,0.4402601177378396,564
health,univariate,0.4132641465670449,0.12001477514158906,3.4434439099643432,0.17803518728953036,0.6484931058445594,582
health,with_age_control,0.3651307689570248,0.12328097565662462,2.96177708695319,0.12350005667004055,0.606761481244009,582
