covariate,specification,coefficient,std_error,t_stat,ci_lower,ci_upper,n_obs
sex,univariate,-0.025149835380675497,0.0775541759800514,-0.32428731351803125,-0.17715602030157626,0.12685634954022526,583
sex,with_age_control,-0.09528667744026134,0.08152916363144293,-1.1687434679326532,-0.2550838381578895,0.0645104832773668,583
education,univariate,0.2910489144502864,0.0856988450863014,3.3961824591357224,0.12307917808113567,0.45901865081943716,564
education,with_age_control,0.2707769583697981,0.08646718668649105,3.1315574005150575,0.10130127246427564,0.4402526442753205,564
health,univariate,0.4136602228910134,0.1200042414564346,3.4470466866055345,0.1784519096364016,0.6488685361456252,582
health,with_age_control,0.36553542348172197,0.12327020851771812,2.9653184486110615,0.12392581478699444,0.6071450321764496,582
