parameter,estimate,std_error,type
alpha,0.04008962029726433,0.001351368316961604,
sigma_sq,0.029906500635170377,0.0009803010274176609,
initial_informed_share,0.06111333082555033,0.04464848916228263,Low Education
hazard_rate,0.008433829252121619,0.002360831182767845,Low Education
initial_informed_share,0.26511858671574057,0.06648479380114919,High Education
hazard_rate,0.006148688598579309,0.004161854649062531,High Education
erp_uninformed_belief,18.91949152542373,0.9535693223673349,Low Education
erp_uninformed_belief,16.246445497630333,0.7787690701312983,High Education
