parameter,estimate,std_error,type
alpha,0.04008962029726433,0.001351368316961604,
sigma_sq,0.029906500635170377,0.0009803010274176609,
hazard_rate,0.007035108332488948,0.0009034341545181137,Low Education
hazard_rate,0.01167997130367161,0.0019248813402555649,High Education
erp_uninformed_belief,12.5,1.3705564563344335,Low Education
erp_uninformed_belief,10.0,0.887744805673342,High Education
