,value,standard_error,ci_lower,ci_upper,p_value,free,stars,hazard_ratio
intercept,-14.326493658771097,0.07526670545129435,-14.474013690690619,-14.178973626851576,0.0,True,***,5.999055212148155e-07
age,0.1175881199010766,0.0009767491382197116,0.11567372676823542,0.11950251303391776,0.0,True,***,1.1247807411444766
GoodHealth_HighEducation,-0.3357763417505072,0.09730618611774912,-0.5264929620142469,-0.14505972148676755,0.0005590945785958645,True,***,0.7147829550440842
GoodHealth_LowEducation,-0.34172153250195814,0.041396722379575264,-0.4228576174439289,-0.26058544755998736,1.5216086391700549e-16,True,***,0.7105460411407107
BadHealth_HighEducation,0.021130222981803334,0.09123996522191087,-0.15769682280382905,0.19995726876743572,0.8168568205639792,True,,1.0213550468775066
BadHealth_LowEducation,0.25156953598033616,0.03197805613455402,0.18889369766101016,0.31424537429966215,3.6341292673643864e-15,True,***,1.2860423231684996
