,value,standard_error,ci_lower,ci_upper,p_value,free,stars,hazard_ratio
intercept,-14.328794790310251,0.07526630117666597,-14.476314029866062,-14.18127555075444,0.0,True,***,5.985266467935971e-07
age,0.11764362886449029,0.0009767370090097219,0.11572925950446386,0.11955799822451671,0.0,True,***,1.1248431782903798
Good Health High Education,-0.34619281794906825,0.09732322591133477,-0.5369428355945398,-0.15544280030359672,0.0003749073640984219,True,***,0.7073760791511714
Good Health Low Education,-0.34933604436612514,0.04140207053721912,-0.43048261150446154,-0.26818947722778874,3.2379056466552006e-17,True,***,0.7051561267067102
Bad Health High Education,0.026560741335705573,0.09120201068776655,-0.15219191492995396,0.2053133976013651,0.7708755894928052,True,,1.0269166216545687
Bad Health Low Education,0.2490648957097533,0.03197755606640178,0.18639003750599548,0.3117397539135111,6.768028463751269e-15,True,***,1.2828252802256401
