,value,standard_error,ci_lower,ci_upper,p_value,free,stars,hazard_ratio
intercept,-13.209887451773383,0.0692856968359823,-13.34568492221567,-13.074089981331097,0.0,True,***,1.832393629050267e-06
age,0.10821281520469853,0.0009432565266616142,0.10636406638425942,0.11006156402513763,0.0,True,***,1.1142848569150203
GoodHealth_HighEducation,-0.7699965927511457,0.07361192630152687,-0.9142733171347551,-0.6257198683675363,1.3155648815125509e-25,True,***,0.46301464591466224
GoodHealth_LowEducation,-0.29998561577560146,0.03938622297354733,-0.3771811942908183,-0.2227900372603846,2.606236072361873e-14,True,***,0.7408288768538829
BadHealth_HighEducation,0.010005353248893048,0.06224252071953845,-0.1119877456683904,0.1319984521661765,0.872291977011445,True,,1.0100555741485795
BadHealth_LowEducation,0.3600329968540031,0.030180432269915954,0.3008804365671174,0.4191855571408888,8.321886161395213e-33,True,***,1.4333767107020785
