,value,standard_error,ci_lower,ci_upper,p_value,free,stars,hazard_ratio
age,0.1174996054005842,0.0009767619172770913,0.1155851872212508,0.1194140235799176,0.0,True,***,1.1246811861451063
health1_edu1,-0.3375421718095032,0.09730735474372913,-0.5282610825380751,-0.1468232610809313,0.0005227400976884697,True,***,0.713521883563058
health1_edu0,-0.3452129052672774,0.041399488802221905,-0.4263544122980016,-0.2640713982365532,7.518863137509215e-17,True,***,0.7080695856743519
health0_edu1,0.01976480825753081,0.09124379426457079,-0.15906974231381027,0.19859935882887192,0.8285081065750856,True,,1.0199614253100115
health0_edu0,0.24993669674055927,0.031979550394252224,0.18725792972604122,0.3126154637550773,5.4738201811291805e-15,True,***,1.2839441362663453
intercept,-14.31863002327207,0.07526739448638402,-14.46615140567555,-14.171108640868589,0.0,True,***,6.046415563896004e-07
