,value,lower_bound,upper_bound,soft_lower_bound,soft_upper_bound,hazard_ratio
intercept,-14.31870174075787,-inf,inf,-15.0,15.0,6.045981945722844e-07
age,0.11750014957812853,1e-08,inf,0.0001,1.0,1.124681798171519
Good Health High Education,-0.3377115867835644,-inf,inf,-2.5,2.5,0.7134010125106343
Good Health Low Education,-0.3451604117608736,-inf,inf,-2.5,2.5,0.7081067557052658
Bad Health High Education,0.02041339923988026,-inf,inf,-2.5,2.5,1.020623177672921
Bad Health Low Education,0.24996223403584208,-inf,inf,-2.5,2.5,1.2839769251455477
