,value,lower_bound,upper_bound,soft_lower_bound,soft_upper_bound,hazard_ratio
intercept,-13.207189027160672,-inf,inf,-15.0,15.0,1.8373448824066558e-06
age,0.10831710234015704,1e-08,inf,0.0001,1.0,1.1144010685504167
Good Health High Education,-0.7852760166451358,-inf,inf,-2.5,2.5,0.45599382252895626
Good Health Low Education,-0.33316119785734205,-inf,inf,-2.5,2.5,0.7166546616482409
Bad Health High Education,0.0033008780898335427,-inf,inf,-2.5,2.5,1.0033063319871478
Bad Health Low Education,0.34195123288460566,-inf,inf,-2.5,2.5,1.407691646779189
