,value,standard_error,ci_lower,ci_upper,p_value,free,stars,hazard_ratio
intercept,-13.215836981392629,0.06928134042288478,-13.351625913422142,-13.080048049363116,0.0,True,***,1.8215241151896873e-06
age,0.10830195649611842,0.0009431768914918287,0.10645336375774399,0.11015054923449284,0.0,True,***,1.1143841901334552
Good Health High Education,-0.7757108613018601,0.07361803965537013,-0.9199995676388271,-0.6314221549648931,5.835040008705062e-26,True,***,0.46037640088414644
Good Health Low Education,-0.3067873594842431,0.039392677597594995,-0.38399558883012713,-0.22957913013835912,6.8116667303244004e-15,True,***,0.7358070466632107
Bad Health High Education,0.012883040635530587,0.06221947478940296,-0.10906488908869709,0.13483097035975827,0.83596455454923,True,,1.0129663845265426
Bad Health Low Education,0.3614344114149574,0.03017531071843543,0.3022918891845185,0.42057693364539633,4.643799742364805e-33,True,***,1.4353868739027884
