,value,lower_bound,upper_bound,hazard_ratio
intercept,-14.315114442901633,-inf,inf,6.067709632336792e-07
age,0.11745572199933171,1e-08,inf,1.1246318323922468
Good Health High Education,-0.37084539525348176,-inf,inf,0.6901506338748169
Good Health Low Education,-0.34562272615977213,-inf,inf,0.707779463417944
Bad Health High Education,0.04575531795961576,-inf,inf,1.0468182419948804
Bad Health Low Education,0.24965429608361958,-inf,inf,1.2835816007913274
