,value,lower_bound,upper_bound,soft_lower_bound,soft_upper_bound,hazard_ratio
intercept,-13.215853119966816,-inf,inf,-15.0,15.0,1.8214947186248303e-06
age,0.10830170058584207,1e-08,inf,0.0001,1.0,1.1143839049511257
Good Health High Education,-0.7757656905782563,-inf,inf,-2.5,2.5,0.4603511594712066
Good Health Low Education,-0.30687204879526303,-inf,inf,-2.5,2.5,0.7357447343100176
Bad Health High Education,0.012895253607892062,-inf,inf,-2.5,2.5,1.0129787559325456
Bad Health Low Education,0.3614577559933497,-inf,inf,-2.5,2.5,1.4354203827953136
