,value,standard_error,ci_lower,ci_upper,p_value,free,stars,hazard_ratio
age,0.1082128148649308,0.0009432565308106631,0.1063640660363597,0.1100615636935019,0.0,True,***,1.1142848565364223
health1_edu1,-0.7699965923516171,0.07361192634555043,-0.9142733168215111,-0.6257198678817231,1.3155650437301424e-25,True,***,0.4630146460996498
health1_edu0,-0.29998561536192636,0.039386215020125404,-0.37718117828872266,-0.22279005243513006,2.6062052443484488e-14,True,***,0.7408288771603453
health0_edu1,0.010005354182144759,0.0622425213710892,-0.11198774601215469,0.13199845437644422,0.8722919665270618,True,,1.0100555750912157
health0_edu0,0.36003299696093377,0.03018042764838056,0.300880445732091,0.41918554818977655,8.321703202697283e-33,True,***,1.4333767108553503
intercept,-13.20988745176245,0.06928569673549073,-13.345684922007775,-13.074089981517124,0.0,True,***,1.8323936290703015e-06
