,age,age_sq,const
1,-0.005577927433074149,5.397474822346838e-05,0.15697328330351523
0,-0.006484889948956559,6.398416944997681e-05,0.20383486002574527
