sex,education,age,age_sq,const
Men,Low Education,-0.24556580366771677,0.0026553168099048173,1.7975400278583116
Men,High Education,-0.3380640128922722,0.0036377436077253836,2.497092653260362
Women,Low Education,-0.23546523599576705,0.002365768417412908,2.0762023615293055
Women,High Education,-0.14232124206896793,0.001237127593663144,-0.5594701173475954
