sex,education,age,age_sq,const
Men,Low Education,-0.005717899942529763,5.439415747480526e-05,0.19294827170920853
Men,High Education,-0.005439288261668604,5.088311303284601e-05,0.15968137158815265
Women,Low Education,-0.007032634447709142,6.0011474218426245e-05,0.24304472992495046
Women,High Education,-0.0037330713114132217,2.7742461583653508e-05,0.14012384756385768
