,age,age_sq,const
1,0.026388930402884675,-0.00030475737080840884,-0.3595728702537392
0,0.028222665823492237,-0.00032419241370971173,-0.370088060962552
