,age,age_sq,const
1,-0.005439288261668604,5.088311303284601e-05,0.15968137158815265
0,-0.005717899942529763,5.439415747480526e-05,0.19294827170920853
