,const,high_educ,good_health,above_50,above_55,above_60
Men,-3.005566340187181,-1.2661596963616915,-0.9334370242403867,-0.3440350134520553,0.22386041822550026,0.3676861369094842
Women,-2.727227769981697,-0.7908677902083785,-0.9515594537619355,-0.4030832478261169,-0.16497130134358584,0.29452090629701133
