,age,age_sq,const
1,-0.006974091793658093,6.693560804304634e-05,0.19406309076236586
0,-0.006969468742272691,6.750713363939416e-05,0.22249695481897547
