sex,education,age,age_sq,const
Men,Low Education,-0.006145544077643537,5.996662875203273e-05,0.19921938873182565
Men,High Education,-0.005058128958473575,4.814067497992498e-05,0.146534127878642
