sex,education,age,age_sq,const
Men,Low Education,-0.22633720983832914,0.002281956569764294,1.7836531723781177
Men,High Education,-0.29382510781844046,0.003171473806896156,1.3282740435600129
Women,Low Education,-0.21375272714945726,0.0020299668933123215,1.752051180462513
Women,High Education,-0.24281759299781178,0.0023156182387388665,1.5645251821071213
