sex,education,age,age_sq,const
Men,Low Education,-0.199835012096141,0.0020149539454094255,1.1455519020128064
Men,High Education,-0.3867774461361828,0.004089423974831182,3.6072214280794195
Women,Low Education,-0.1991718354677423,0.0018823642590335176,1.402383381034787
Women,High Education,-0.19936737269749724,0.0018694558103477547,0.5396220057114676
