sex,education,age,age_sq,const
Men,Low Education,-0.005521328370826836,5.919674007539149e-05,0.14924505020574422
Men,High Education,-0.002113203668854918,2.257780662324621e-05,0.05414505343157864
Women,Low Education,-0.006722094629468451,6.661688822882392e-05,0.19129501603213195
Women,High Education,-0.002295671937030408,2.0725524910287175e-05,0.07280524329837994
