,age,age_sq,const
1,-0.005577927433074136,5.397474822346913e-05,0.15697328330351284
0,-0.006484889948956633,6.398416944997594e-05,0.2038348600257485
