sex,education,age,age_sq,const
Men,Low Education,-0.14883693874681897,0.0014936219185132076,0.5782498418190001
Men,High Education,-0.25609003566570193,0.002500279447845721,2.337140144534544
Women,Low Education,-0.11907345783489905,0.000979347568704065,0.3789662861546293
Women,High Education,-0.07504056506269963,0.00037770246805427106,-0.9348455434091445
