sex,education,age,age_sq,const
Men,Low Education,-0.005521328370826836,5.919674007539149e-05,0.14924505020574422
Men,High Education,-0.002113203668854918,2.257780662324621e-05,0.05414505343157864
