sex,education,has_partner,const,period,period_sq
0,0,0,0.030549517499920374,0.02542667904737885,-0.0008258351659103648
0,0,1,1.7303971800818971,0.05505656910421454,-0.004011786947115816
0,1,0,-1.5225807421816694e-05,0.021861196711650523,-0.0006284695998907194
0,1,1,0.6406347817627192,0.202866645379334,-0.007773002604067233
1,0,0,1.3985415254367175,0.0012802847837253906,-0.0018038624474073272
1,0,1,2.2124978716685755,-0.024750051110847677,-0.002141698512210222
1,1,0,0.22789994012808018,0.11779584735282733,-0.004559519520128388
1,1,1,1.1871229488346118,0.15099300279882805,-0.00714758763295339
