sex,education,has_partner,const,period,period_sq
0,0,0,0.04954516474325528,0.025771281710552797,-0.0008691717421158932
0,0,1,1.7235975385356321,0.06493922977250668,-0.004351627825747765
0,1,0,-0.004364687179537655,0.025277268149041604,-0.0007568854722019559
0,1,1,0.6406046787474645,0.20040677033908988,-0.0076854329219895184
1,0,0,1.4392073997960964,-0.0007288873164834654,-0.0017877676474726374
1,0,1,2.251652786180783,-0.025555356950699624,-0.0021673125216042062
1,1,0,0.24120250457616796,0.1200550789804689,-0.004676755022563326
1,1,1,1.1574294715645328,0.15145379595148264,-0.007125953033130614
