sex,education,has_partner,const,period,period_sq
0,0,0,0.02910372822470115,0.026051863406054507,-0.0008509372814925511
0,0,1,1.7387656930063633,0.055841665937453835,-0.004038739172792142
0,1,0,0.007672529703937272,0.018129486967371683,-0.0004955831322392834
0,1,1,0.5924397736284247,0.20937267762763365,-0.00792129344430201
1,0,0,1.3937681108332203,-2.465799823946566e-05,-0.0017518694178946831
1,0,1,2.2168079701177716,-0.024281969771737966,-0.0021545216542125816
1,1,0,0.21757263168459787,0.11455782160258356,-0.004416024283849029
1,1,1,1.173268417879132,0.15416252638795003,-0.007246157047267191
