sex,education,has_partner,const,period,period_sq
0,0,0,0.054858902576323344,0.025445430974287198,-0.000857602742812469
0,0,1,1.6988807425705645,0.0556135046563854,-0.00401593861632753
0,1,0,-0.004282461160230568,0.02500007883840627,-0.0007266732124002433
0,1,1,0.6607182575184413,0.20194871638995163,-0.0078243417232897
1,0,0,1.4442978970817568,-0.0006876774532666784,-0.0017912566910588627
1,0,1,2.1928040956438264,-0.025967102555299708,-0.0020778233420031137
1,1,0,0.27898901629514966,0.12046976344216093,-0.0047362599219015165
1,1,1,1.2068640889820614,0.14751267658211023,-0.007079025523992811
