sex,education,has_partner,const,period,period_sq
0,0,0,0.1136238539575252,0.0038474363879183113,-0.00013399177601534272
0,0,1,2.7172208527370056,-0.11018633346621715,0.0010729720472552541
0,1,0,0.04363917697198976,0.00879379109875744,-0.0002123043331644015
0,1,1,2.1137562114923547,-0.0445114229913042,-0.00012055424635198673
1,0,0,1.695201233268938,-0.07107712155190771,0.0007358019072589482
1,0,1,2.6714401431681347,-0.12969114983280128,0.0015234055852540516
1,1,0,0.7080738621591783,0.001901509046418063,-0.00041249054535810503
1,1,1,1.9510918319336559,-0.03363166685463121,-0.00045066617549780196
