sex,education,has_partner,const,period,period_sq
0,0,0,0.029103728224698644,0.02605186340605453,-0.000850937281492547
0,0,1,1.7387656930063629,0.05584166593745368,-0.004038739172792122
0,1,0,0.007672529703936163,0.018129486967371707,-0.0004955831322392821
0,1,1,0.5924397736284529,0.2093726776276345,-0.007921293444301994
1,0,0,1.3937681108332192,-2.4657998239263797e-05,-0.0017518694178946912
1,0,1,2.216807970117764,-0.024281969771738028,-0.002154521654212604
1,1,0,0.21757263168459703,0.11455782160258396,-0.004416024283849046
1,1,1,1.1732684178791133,0.15416252638795125,-0.007246157047267212
