sex,education,has_partner,const,period,period_sq
0,0,0,0.03889681362195219,0.022433405257462357,-0.0007449699016086513
0,0,1,1.7312292410562127,0.05371500021956205,-0.0039788777443644854
0,1,0,-0.0063196844927033875,0.021150359268995625,-0.0006162104739531687
0,1,1,0.6302507167821328,0.19662751764037043,-0.007540291203732509
1,0,0,1.3808917097600575,-0.0004027994867838187,-0.001731196286636914
1,0,1,2.2358725014401233,-0.03166090452021754,-0.0019166292775610453
1,1,0,0.2015904105985969,0.11569047098560112,-0.004460488210729555
1,1,1,1.1620613191634337,0.14631677370690632,-0.006928159357031076
