sex,education,has_partner,const,period,period_sq
0,0,0,0.12427060953518718,0.0017785919888662974,8.02752471383458e-05
0,0,1,2.339292014738504,-0.06270034631588697,0.00014604436258662442
0,1,0,0.0783162859595748,0.002971915527052601,0.0002071943718083426
0,1,1,1.8406745210146744,-0.02996985385666596,-0.00010016369411275421
1,0,0,1.609657560673533,-0.05051062010976013,0.0004463650985568138
1,0,1,2.6040783014475557,-0.09011591579405687,0.0004801697686926974
1,1,0,0.8490039614984862,-0.016813686148007462,-7.097870010542762e-05
1,1,1,2.0520959944156507,-0.049068902549492734,0.00025582608377116217
