sex,education,has_partner,const,period,period_sq
0,0,0,0.03054951749992621,0.025426679047378716,-0.0008258351659103676
0,0,1,1.7303971800819025,0.05505656910421452,-0.004011786947115857
0,1,0,-1.5225807422913473e-05,0.0218611967116506,-0.0006284695998907217
0,1,1,0.6406347817627085,0.20286664537933438,-0.007773002604067235
1,0,0,1.398541525436723,0.0012802847837251811,-0.0018038624474073302
1,0,1,2.2124978716685697,-0.024750051110847823,-0.002141698512210201
1,1,0,0.22789994012807083,0.11779584735282855,-0.0045595195201284045
1,1,1,1.1871229488345807,0.15099300279882846,-0.0071475876329533845
