sex,education,has_partner,const,period,period_sq
0,0,0,0.11759045167382925,0.004447870589506981,-0.0001492763995749177
0,0,1,2.4598560299185506,-0.08547241131589103,0.0006383824273890188
0,1,0,0.04429121463114466,0.009011879481324524,-0.0002174346280833564
0,1,1,1.7922468040820552,-0.018301876432637774,-0.0005523133241724077
1,0,0,1.7365820475535718,-0.0726586191466693,0.0007484118568614659
1,0,1,2.6548253803386106,-0.1239987664623817,0.0013935540564454871
1,1,0,0.7346085999418541,0.00030065397623805796,-0.0003951232581676603
1,1,1,1.954590973495171,-0.028047140453669663,-0.0006121163190206786
