,constant,ln_age,income_shock_std
0,-1.1183320883834835,2.327475540883795,0.208296053116031
1,4.486502951719861,0.9008295695942139,0.22443524499023682
