education,constant,ln_period
Low Education,468.1939035935254,311.97406994598714
High Education,1245.9200591393999,352.430774266159
