education,constant,period,period_sq
Low Education,2099.149966473403,116.09629659040965,-3.044543110793641
High Education,3075.2368767693188,205.25037230592605,-5.097246943268675
