education,constant,period,period_sq,year_2012,year_2013,year_2014,year_2015,year_2016,year_2017,year_2018,year_2019,year_2021
Low Education,976.4299171794092,51.76203504846664,-0.9642498720887557,-395.3542685995494,-396.0998461599106,-342.01419837523326,-304.06604255289926,-371.5998563371875,-346.40775215239887,-254.00305277281404,-133.51387203155164,10.873160461678243
High Education,1896.7428889426465,46.24614852927459,-0.6499881797467582,-746.0989595279889,-674.1319740140391,-606.3621381340583,-570.2944837156795,-458.56647354311553,-391.384889168854,-306.2692558128315,-83.22115366947025,217.61741568860867
