education,constant,period,period_sq
Low Education,617.3952814504859,52.85110334971183,-1.0482225343383742
High Education,1166.0572184729763,58.20730478534696,-0.9034458756058898
