,constant,ln_age,income_shock_std
0,-2.916052481964461,1.5393092975466633,0.13833670798716138
1,-3.0225457619291562,1.665881551535425,0.1387848324730677
