education,constant,period,period_sq
Low Education,2105.4163637639163,145.503931871283,-3.565942340310771
High Education,3459.292009447298,240.33138632739713,-5.802387614596668
