,constant,ln_age,income_shock_std
0,-2.2795067665844058,1.268761011021374,0.1806944937063653
1,-2.153178768638714,1.335316933623649,0.1787197574895369
