,constant,ln_age,income_shock_std
0,-2.279506766584652,1.2687610110214405,0.18069449370636548
1,-2.153178768638764,1.3353169336236628,0.1787197574895367
