education,constant,period,period_sq
Low Education,617.3952814504886,52.85110334971205,-1.0482225343383824
High Education,1166.0572184729733,58.207304785347354,-0.903445875605908
