education,constant,period,period_sq,year_2012,year_2013,year_2014,year_2015,year_2016,year_2017,year_2018,year_2019,year_2021
Low Education,976.4299171794103,51.762035048466416,-0.9642498720887316,-395.35426859955015,-396.0998461599116,-342.01419837523326,-304.0660425528975,-371.59985633718594,-346.4077521524038,-254.00305277281015,-133.51387203155713,10.87316046167732
High Education,1896.7428889426428,46.24614852927467,-0.6499881797467186,-746.0989595279872,-674.1319740140386,-606.3621381340588,-570.2944837156745,-458.56647354311457,-391.38488916884893,-306.26925581282904,-83.2211536694708,217.61741568861427
