education,constant,period,period_sq,income_shock_std
no abitur,709.4153215123333,65.26289144041637,-1.337751584090091,
abitur,1147.3477953172203,78.51123665505592,-1.3061632108149615,
