education,constant,ln_period
Low Education,1955.92899810986,484.7143312925317
High Education,3260.215739855878,787.3492002574848
