education,constant,period,period_sq,year_2012,year_2013,year_2014,year_2015,year_2016,year_2017,year_2018,year_2019,year_2021
Low Education,2284.488018659599,130.48420141601247,-3.2172384557329634,-203.3374110873263,-339.8557790096828,-242.68417167314618,-183.98527756606975,-540.8177152104469,-568.7187881185712,-453.5266593256533,-157.36283905560106,7.193779488152484
High Education,3986.490222365378,205.99198751268136,-4.951519833994847,-1041.6380623989385,-995.4957880431651,-945.52849765709,-919.5790570996339,-857.0184308206801,-777.5206784891617,-732.0127333400545,-106.42508902725011,350.2251607219499
