education,constant,period,period_sq
Low Education,680.4664391210229,62.17225664068201,-1.151889989814291
High Education,1562.2145533611197,53.5896358775605,-0.71518818884065
