education,constant,period,period_sq
Low Education,721.3895471443334,49.78144827875204,-0.6870462864841019
High Education,1751.39988488998,9.845062494667715,0.797074058705423
