,constant,ln_age,income_shock_std
0,-2.916052481964402,1.539309297546647,0.1383367079871612
1,-3.0225457619291674,1.6658815515354282,0.13878483247306783

