,constant,ln_age,income_shock_std
0,-2.9160524819644587,1.5393092975466627,0.1383367079871612
1,-3.022545761929161,1.6658815515354268,0.13878483247306783
