education,constant,period,period_sq
Low Education,2092.821709317966,141.21527881151246,-3.398375423579474
High Education,3403.065537335166,240.03947900061428,-5.8494998299592345
