education,constant,period,period_sq,year_2012,year_2013,year_2014,year_2015,year_2016,year_2017,year_2018,year_2019,year_2021
Low Education,2284.48801865959,130.4842014160128,-3.217238455733012,-203.3374110873392,-339.8557790096893,-242.68417167315692,-183.98527756606973,-540.817715210444,-568.7187881185769,-453.5266593256565,-157.36283905562004,7.193779488154528
High Education,3986.4902223653253,205.99198751268483,-4.951519833994938,-1041.6380623989344,-995.4957880431648,-945.5284976570701,-919.579057099626,-857.0184308206835,-777.5206784891525,-732.0127333400442,-106.42508902725763,350.2251607219515
