education,constant,period,period_sq,income_shock_std
no abitur,2393.9353977128467,94.4953729258464,-2.2800931072995607,
abitur,3162.4906230496504,206.75738587882753,-5.195425324636593,
