education,constant,period,period_sq
no abitur,2099.1499664734165,116.09629659040884,-3.044543110793603
abitur,3075.236876769353,205.25037230592378,-5.097246943268594
