,Low Education,High Education
erp_uninformed_belief,18.440451173827913,18.065889090361157
erp_uninformed_belief_sem,1.289780468055474,1.7102294155527165
