,Low Education,High Education
0,0.13259836193151797,0.21233912251462297
1,0.007945504206288442,0.009907046692251413
