,Low Education,High Education
initial_informed_share,0.13213699916588045,0.21240289130961817
hazard_rate,0.007962171745023817,0.009900553457466899
