,constant,ln_exp,income_shock_std
0,7.015635102449052,0.28547664467757905,0.18445621958678182
1,7.576925904538664,0.27777785173472525,0.18559976102033543
