education,constant,ln_exp,income_shock_std
0,6.985797911244362,0.29415905242315127,0.1858282670506754
1,7.389192693944185,0.34197730561273004,0.19160922488342177
