,constant,constant_std,ln_exp,ln_exp_std,income_shock_std,income_shock_std_std
Low Education,1.9471390352146294,0.09540080059115702,0.2490354972673333,0.03383700946935671,0.15764505822324978,0.00018347804750058825
High Education,2.288813126135022,0.07866266940123888,0.3187730493728599,0.030965979680025745,0.14524125778098462,0.00023126948820143418
all,1.9997956346927956,0.06408309625668968,0.28868679525560426,0.02341808714022357,0.15391775354223491,0.00014506065730482434
