,constant,ln_exp
parameter,7.015635102449071,0.28547664467756656
parameter,7.576925904538646,0.2777778517347399
