,constant,ln_exp,income_shock_std
0,6.9857979112443465,0.2941590524231509,0.18582826705067493
1,7.3891926939441825,0.3419773056127331,0.1916092248834215
