,constant,constant_std,ln_exp,ln_exp_std,income_shock_std,income_shock_std_std
no abitur,6.985797911244362,0.0894648247715649,0.29415905242315127,0.03132070245740282,0.1858507614240314,0.00024035484925554354
abitur,7.389192693944185,0.08409688119803027,0.34197730561273004,0.03188363623969602,0.19165574665672575,0.00036200950207542095
all,7.087340573447851,0.06824383749354809,0.32071507398048305,0.02427549300679641,0.18789091935744126,0.00020066134399834574
