,constant,constant_ser,ln_exp,ln_exp_ser,income_shock_std,income_shock_std_ser
Low Education,2.0373953202193062,0.08439560373058415,0.21787250218367027,0.029101019078728876,0.15115778335162872,0.00018573090049858596
High Education,2.32595128651191,0.09915303900721109,0.30561546319182864,0.0384912358693088,0.14342052330643226,0.00024800472258628114
all,2.060029955878326,0.06685779714098053,0.2674306739032987,0.0240733249651543,0.1488221643934109,0.00014926267835791167
