,constant,constant_ser,ln_exp,ln_exp_ser,income_shock_std,income_shock_std_ser
Low Education,2.037395320219296,0.08439560373004895,0.2178725021836758,0.029101019078543806,0.15115778335162872,0.00018573090049858593
High Education,2.3259512865119114,0.09915303900712107,0.30561546319182514,0.038491235869275636,0.14342052330643226,0.00024800472258628114
all,2.060029955878318,0.06685779714081998,0.26743067390329645,0.02407332496509924,0.1488221643934109,0.0001492626783579117
