,constant,ln_exp,income_shock_std
0,7.015635102449045,0.2854766446775502,0.18445621958678182
1,7.576925904538682,0.2777778517346943,0.18559976102033546
